username,passwd
Superman,H8VfSbT6
Batman,BkDJIvux
WonderWoman,vVZJheOs
SpiderMan,bP0lUCgw
IronMan,qxXsooox
Thor,a8wER8tg
Hulk,W4j4pk2f
CaptainAmerica,RklKhR5a
BlackWidow,9PmoeVA7
DoctorStrange,h7CpXeay
Flash,xxXDQOkV
GreenLantern,RxSISXqA
Aquaman,97pVYKPY
Cyborg,USgetLIF
Wolverine,i3KI22OX
BlackPanther,7vK615te
Daredevil,1vEmWq06
LukeCage,hrsDHb6l
JessicaJones,Tpr2Wt3J
IronFist,28OoCTX9
AntMan,bcomdNNX
Wasp,P6OFUAOc
StarLord,CFKXTG2P
Gamora,mqg7fGFa
RocketRaccoon,jUMXntDZ
Groot,aRxgA34U
Drax,C3q8f6ZZ
ScarletWitch,zhDRhQjp
Vision,2LnCEkf2
Falcon,3zCBTPEm
WinterSoldier,OuHYTkTr
Hawkeye,Jg8czz2C
Quicksilver,dRHHDjGe
WarMachine,OosOERYc
NickFury,WDEGn5I3
Deadpool,d1XdrxGv
ProfessorX,cN3W7tQe
Cyclops,MeSqRhL2
JeanGrey,lJBImAul
Beast,ygwlqQnu
Nightcrawler,SN59YEnh
Storm,fwrFWtqC
Rogue,blBq9Fuy
Gambit,wMkXbPi7
Colossus,wxH3GjTl
SilverSurfer,lorqterH
GreenArrow,ONLkZuNt
Shazam,5LTqXl9d
MartianManhunter,i3gnBE1B
Hawkgirl,SnnSU6sF
Zatanna,NHbKbbz8
JohnConstantine,hMFxUk3Z
BlueBeetle,8TwKDDL0
BoosterGold,z6MH2le1
Atom,oiWAgBf7
PlasticMan,UoWRRubI
ElongatedMan,581d1jag
Firestorm,9oGl8AcH
RedTornado,Hmph9tqr
Vixen,MLUtydl4
DrFate,ooVxKVNk
CaptainMarvel,xtwSXNd9
MissMarvel,Djxbk4UY
MoonKnight,DndvTyfv
SheHulk,4Zzmqp2r
GhostRider,UV0051Ci
Blade,NdpWFFoi
Punisher,mMHHKH0F
Hellboy,1u9RcGrz
Spawn,WEZKNlbr
Sentry,ytxVYtB5
Namor,vXT9U2tk
BlackBolt,BAQ2LLOv
Medusa,Iofg1RRB
Karnak,S5bTJElm
Crystal,EUOAOOd0
Lockjaw,LTBrTJvJ
MsMarvel,XJNZuziQ
Mockingbird,bKVoRhIY
Nova,L7LaG79C
AdamWarlock,EE0QpAkr
SilverSable,yC6EmgBV
SquirrelGirl,4D1v333g
Songbird,2f7xsSR1
WhiteTiger,YxMIKPpj
SpiderWoman,5ubYDVHU
PowerGirl,vNmCCoSx
Batgirl,cGEy8kM7
Catwoman,hTtZjDEu
Supergirl,hhaL9dmI
Raven,BK0aSkx3
Starfire,FK5dch2D
BeastBoy,tkvrZ2X7
KidFlash,LdTBX6Ts
Speedy,0AghHw5S
Artemis,8ArioFNC
MissMartian,31pqxqBj
Aqualad,EJkrBMOs
Robin,4ODZDdf2
