name,passwd
howard,SnnSU6sF
rubeus,NHbKbbz8
niteow2,hMFxUk3Z
blackp,8TwKDDL0
moondra,LkI89ddg
captainam,oiWAgBf7
saria,UoWRRubI
fi,581d1jag
rachel,fj4ruiOPd
mercury,Hmph9tqr
thepun,MLUtydl4
bishop,ooVxKVNk
hogun,xtwSXNd9
tempera,Djxbk4UY
humanb,DndvTyfv
harriso,4Zzmqp2r
wildcat,UV0051Ci
ericaj,NdpWFFoi
blackw,b4rdfqA2
spring,1u9RcGrz
doctor,WEZKNlbr
echo,ytxVYtB5
sergean,vXT9U2tk
turanga,BAQ2LLOv
alinap,Iofg1RRB
revali,S5bTJElm
delphyn,EUOAOOd0
alfred,LTBrTJvJ
fordpi,XJNZuziQ
bumi,bKVoRhIY
bigbos,L7LaG79C
masong,EE0QpAkr
yorick,yC6EmgBV
sokka,4D1v333g
cypher,Lu7rt34d
lucian,YxMIKPpj
iron,5ubYDVHU
hellboy,fh4EeTd3
bixcal,cGEy8kM7
wonderg,hTtZjDEu
resista,hhaL9dmI
sydney,BK0aSkx3
cliffju,FK5dch2D
theque,tkvrZ2X7
ironfi,LdTBX6Ts
henryj,0AghHw5S
volstag,8ArioFNC